{
  "timestamp": "2025-10-22T01:07:47.438683",
  "folder": "/home/ts1506.UNT/Desktop/Work/besisr-benchmark-site/mllm_evaluation/lama_exp/inductive_llama_predictions_csv/inductive_llama_predictions_csv",
  "total_files": 23,
  "successful": 15,
  "failed": 8,
  "datasets": [
    {
      "filename": "llama-4-scout_ASAP-SAS_fewshot_inductive.csv",
      "dataset_name": "D_ASAP-SAS",
      "metrics": {
        "quadratic_weighted_kappa": 0.5054653065335936,
        "pearson_correlation": 0.5262359433403497,
        "mean_absolute_error": 0.5168671164564388,
        "mean_squared_error": 0.656497506600176,
        "root_mean_squared_error": 0.8102453372899939,
        "f1_score": 0.5472077186289529,
        "precision": 0.6186201515744304,
        "recall": 0.5503080082135524,
        "accuracy": 0.5503080082135524,
        "mae_percentage": 17.23
      }
    },
    {
      "filename": "llama-4-scout_ASAP2_fewshot_inductive.csv",
      "dataset_name": "D_ASAP2",
      "metrics": {
        "quadratic_weighted_kappa": 0.565517312994929,
        "pearson_correlation": 0.6225844145428867,
        "mean_absolute_error": 0.6344520824909018,
        "mean_squared_error": 0.8859684593610999,
        "root_mean_squared_error": 0.9412589757134324,
        "f1_score": 0.4669735966468673,
        "precision": 0.6224211159115259,
        "recall": 0.48241002830570157,
        "accuracy": 0.48241002830570157,
        "mae_percentage": 21.15
      }
    },
    {
      "filename": "llama-4-scout_BEEtlE_2way_fewshot_inductive.csv",
      "dataset_name": "D_BEEtlE_2way",
      "metrics": {
        "quadratic_weighted_kappa": 0.2782193958664547,
        "pearson_correlation": 0.28257396825607806,
        "mean_absolute_error": 0.36089030206677264,
        "mean_squared_error": 0.36089030206677264,
        "root_mean_squared_error": 0.6007414602528883,
        "f1_score": 0.6418902600187053,
        "precision": 0.6544013385872546,
        "recall": 0.6391096979332274,
        "accuracy": 0.6391096979332274,
        "mae_percentage": 36.09
      }
    },
    {
      "filename": "llama-4-scout_BEEtlE_3way_fewshot_inductive.csv",
      "dataset_name": "D_BEEtlE_3way",
      "metrics": {
        "quadratic_weighted_kappa": 0.32096873469080134,
        "pearson_correlation": 0.3270628167643423,
        "mean_absolute_error": 0.7209856915739269,
        "mean_squared_error": 1.1613672496025438,
        "root_mean_squared_error": 1.0776675041971637,
        "f1_score": 0.42205667542793585,
        "precision": 0.6461598811920435,
        "recall": 0.49920508744038156,
        "accuracy": 0.49920508744038156,
        "mae_percentage": 36.05
      }
    },
    {
      "filename": "llama-4-scout_CSEE_fewshot_inductive.csv",
      "dataset_name": "D_CSEE",
      "metrics": {
        "quadratic_weighted_kappa": 0.6025266773236577,
        "pearson_correlation": 0.6619728891283718,
        "mean_absolute_error": 1.8351544837980407,
        "mean_squared_error": 5.436605124340618,
        "root_mean_squared_error": 2.3316528738945292,
        "f1_score": 0.18321499991006773,
        "precision": 0.19419458064621056,
        "recall": 0.2437829691032404,
        "accuracy": 0.2437829691032404,
        "mae_percentage": 11.47
      }
    },
    {
      "filename": "llama-4-scout_Ielts_Writing_Dataset_fewshot_inductive.csv",
      "dataset_name": "D_Ielts_Writing_Dataset",
      "metrics": {
        "quadratic_weighted_kappa": 0.4130434782608696,
        "pearson_correlation": 0.5737697623169484,
        "mean_absolute_error": 0.8819444444444444,
        "mean_squared_error": 1.3020833333333333,
        "root_mean_squared_error": 1.141088661469096,
        "f1_score": 0.323159278238058,
        "precision": 0.42931167518092805,
        "recall": 0.3611111111111111,
        "accuracy": 0.3611111111111111,
        "mae_percentage": 11.02
      }
    },
    {
      "filename": "llama-4-scout_Mohlar_fewshot_inductive.csv",
      "dataset_name": "D_Mohlar",
      "metrics": {
        "quadratic_weighted_kappa": 0.11520918142135461,
        "pearson_correlation": 0.15205805827665433,
        "mean_absolute_error": 1.4855875831485588,
        "mean_squared_error": 3.902439024390244,
        "root_mean_squared_error": 1.9754591932991792,
        "f1_score": 0.2594881748407292,
        "precision": 0.5045983541490602,
        "recall": 0.2771618625277162,
        "accuracy": 0.2771618625277162,
        "mae_percentage": 29.71
      }
    },
    {
      "filename": "llama-4-scout_Regrading_Dataset_J2C_fewshot_inductive.csv",
      "dataset_name": "D_Regrading_Dataset_J2C",
      "metrics": {
        "quadratic_weighted_kappa": 0.259261110833375,
        "pearson_correlation": 0.34019693224120645,
        "mean_absolute_error": 2.037878787878788,
        "mean_squared_error": 6.6811868686868685,
        "root_mean_squared_error": 2.5847991931070524,
        "f1_score": 0.20476085708359465,
        "precision": 0.32278385494918677,
        "recall": 0.21212121212121213,
        "accuracy": 0.21212121212121213,
        "mae_percentage": 25.47
      }
    },
    {
      "filename": "llama-4-scout_Rice_Chem_Q1_fewshot_inductive.csv",
      "dataset_name": "D_Rice_Chem_Q1",
      "metrics": {
        "quadratic_weighted_kappa": 0.5170320189173643,
        "pearson_correlation": 0.5719197119492929,
        "mean_absolute_error": 1.4393939393939394,
        "mean_squared_error": 3.356060606060606,
        "root_mean_squared_error": 1.8319554050414562,
        "f1_score": 0.10126262626262626,
        "precision": 0.1272727272727273,
        "recall": 0.12121212121212122,
        "accuracy": 0.12121212121212122,
        "mae_percentage": 17.99
      }
    },
    {
      "filename": "llama-4-scout_Rice_Chem_Q2_fewshot_inductive.csv",
      "dataset_name": "D_Rice_Chem_Q2",
      "metrics": {
        "quadratic_weighted_kappa": 0.7508541060356827,
        "pearson_correlation": 0.7757737689883957,
        "mean_absolute_error": 1.2575757575757576,
        "mean_squared_error": 2.712121212121212,
        "root_mean_squared_error": 1.6468519095902983,
        "f1_score": 0.23492795083704177,
        "precision": 0.2922222222222222,
        "recall": 0.2727272727272727,
        "accuracy": 0.2727272727272727,
        "mae_percentage": 15.72
      }
    },
    {
      "filename": "llama-4-scout_Rice_Chem_Q3_fewshot_inductive.csv",
      "dataset_name": "D_Rice_Chem_Q3",
      "metrics": {
        "quadratic_weighted_kappa": 0.5069215818491929,
        "pearson_correlation": 0.6067893199286292,
        "mean_absolute_error": 1.9516129032258065,
        "mean_squared_error": 6.467741935483871,
        "root_mean_squared_error": 2.543175561278433,
        "f1_score": 0.19558316612645985,
        "precision": 0.34957757296466974,
        "recall": 0.1935483870967742,
        "accuracy": 0.1935483870967742,
        "mae_percentage": 21.68
      }
    },
    {
      "filename": "llama-4-scout_Rice_Chem_Q4_fewshot_inductive.csv",
      "dataset_name": "D_Rice_Chem_Q4",
      "metrics": {
        "quadratic_weighted_kappa": 0.6269177126917713,
        "pearson_correlation": 0.7273248484523289,
        "mean_absolute_error": 0.8666666666666667,
        "mean_squared_error": 1.9,
        "root_mean_squared_error": 1.378404875209022,
        "f1_score": 0.5376662376662377,
        "precision": 0.5987654320987654,
        "recall": 0.5333333333333333,
        "accuracy": 0.5333333333333333,
        "mae_percentage": 10.83
      }
    },
    {
      "filename": "llama-4-scout_SciEntSBank_2way_fewshot_inductive.csv",
      "dataset_name": "D_SciEntSBank_2way",
      "metrics": {
        "quadratic_weighted_kappa": 0.39317328181295863,
        "pearson_correlation": 0.3943634977720629,
        "mean_absolute_error": 0.29203084832904885,
        "mean_squared_error": 0.29203084832904885,
        "root_mean_squared_error": 0.5403987863874685,
        "f1_score": 0.7057298372362678,
        "precision": 0.7055055833619447,